{"accuracy": [0.1352500021457672, 0.19626666605472565, 0.27516666054725647, 0.3537166714668274, 0.41368332505226135, 0.45641666650772095, 0.48953333497047424, 0.5132333040237427, 0.5378666520118713, 0.5595333576202393, 0.5825666785240173, 0.5964666604995728], "auc": [0.5742441415786743, 0.6663581728935242, 0.7327257990837097, 0.7777420878410339, 0.8072252869606018, 0.828962504863739, 0.8462297320365906, 0.8596761226654053, 0.8718978762626648, 0.8820396065711975, 0.8912971019744873, 0.8997560739517212], "fn": [60000.0, 60000.0, 60000.0, 60000.0, 59999.0, 59984.0, 59610.0, 57841.0, 54659.0, 50868.0, 47145.0, 43947.0], "fp": [0.0, 0.0, 0.0, 0.0, 0.0, 0.0, 13.0, 129.0, 394.0, 890.0, 1579.0, 2162.0], "loss": [2.2832024097442627, 2.2437806129455566, 2.192582607269287, 2.1227285861968994, 2.0329740047454834, 1.9234448671340942, 1.8015235662460327, 1.6828022003173828, 1.5760210752487183, 1.4873915910720825, 1.4112823009490967, 1.3458659648895264], "precision": [0.0, 0.0, 0.0, 0.0, 1.0, 1.0, 0.9677419066429138, 0.943618893623352, 0.9312990307807922, 0.9111953973770142, 0.8906055092811584, 0.8813065886497498], "recall": [0.0, 0.0, 0.0, 0.0, 1.6666666851961054e-05, 0.00026666666963137686, 0.006500000134110451, 0.03598333150148392, 0.08901666849851608, 0.15219999849796295, 0.21424999833106995, 0.267549991607666], "tn": [540000.0, 540000.0, 540000.0, 540000.0, 540000.0, 540000.0, 539987.0, 539871.0, 539606.0, 539110.0, 538421.0, 537838.0], "tp": [0.0, 0.0, 0.0, 0.0, 1.0, 16.0, 390.0, 2159.0, 5341.0, 9132.0, 12855.0, 16053.0], "val_accuracy": [0.16859999299049377, 0.2549000084400177, 0.3458000123500824, 0.40959998965263367, 0.44920000433921814, 0.47440001368522644, 0.4909999966621399, 0.5008999705314636, 0.5133000016212463, 0.5234000086784363, 0.5302000045776367, 0.5358999967575073], "val_auc": [0.644987940788269, 0.7154957056045532, 0.7545914649963379, 0.7761188745498657, 0.7904210686683655, 0.8011866807937622, 0.8100346326828003, 0.818316638469696, 0.8264739513397217, 0.8341084718704224, 0.8415831923484802, 0.8484039306640625], "val_fn": [10000.0, 10000.0, 10000.0, 10000.0, 10000.0, 10000.0, 9986.0, 9787.0, 9381.0, 8947.0, 8506.0, 8136.0], "val_fp": [0.0, 0.0, 0.0, 0.0, 0.0, 0.0, 1.0, 6.0, 19.0, 54.0, 103.0, 160.0], "val_loss": [2.269970417022705, 2.2362542152404785, 2.190835952758789, 2.1305341720581055, 2.0549046993255615, 1.9664380550384521, 1.8733986616134644, 1.7873709201812744, 1.713877558708191, 1.654134750366211, 1.6046777963638306, 1.5631868839263916], "val_precision": [0.0, 0.0, 0.0, 0.0, 0.0, 0.0, 0.9333333373069763, 0.9726027250289917, 0.9702194333076477, 0.9512194991111755, 0.9355040788650513, 0.9209486246109009], "val_recall": [0.0, 0.0, 0.0, 0.0, 0.0, 0.0, 0.00139999995008111, 0.021299999207258224, 0.061900001019239426, 0.10530000180006027, 0.149399995803833, 0.18639999628067017], "val_tn": [90000.0, 90000.0, 90000.0, 90000.0, 90000.0, 90000.0, 89999.0, 89994.0, 89981.0, 89946.0, 89897.0, 89840.0], "val_tp": [0.0, 0.0, 0.0, 0.0, 0.0, 0.0, 14.0, 213.0, 619.0, 1053.0, 1494.0, 1864.0]}