{"accuracy": [0.1352500021457672, 0.19625000655651093, 0.2751833200454712, 0.35376667976379395, 0.41370001435279846, 0.45641666650772095, 0.4895666539669037, 0.5132499933242798, 0.5378666520118713, 0.5595666766166687, 0.5825333595275879, 0.5964333415031433], "auc": [0.5742443799972534, 0.6663581728935242, 0.7327284216880798, 0.7777385711669922, 0.8072296380996704, 0.828963041305542, 0.8462308049201965, 0.8596752882003784, 0.871899425983429, 0.8820402026176453, 0.8912979364395142, 0.8997575640678406], "fn": [60000.0, 60000.0, 60000.0, 60000.0, 59999.0, 59984.0, 59610.0, 57840.0, 54659.0, 50867.0, 47145.0, 43946.0], "fp": [0.0, 0.0, 0.0, 0.0, 0.0, 0.0, 13.0, 128.0, 394.0, 890.0, 1579.0, 2162.0], "loss": [2.2832024097442627, 2.2437806129455566, 2.1925837993621826, 2.1227316856384277, 2.032975912094116, 1.923445701599121, 1.8015230894088745, 1.6828007698059082, 1.5760202407836914, 1.4873898029327393, 1.4112783670425415, 1.3458634614944458], "precision": [0.0, 0.0, 0.0, 0.0, 1.0, 1.0, 0.9677419066429138, 0.9440559148788452, 0.9312990307807922, 0.9112042188644409, 0.8906055092811584, 0.881313145160675], "recall": [0.0, 0.0, 0.0, 0.0, 1.6666666851961054e-05, 0.00026666666963137686, 0.006500000134110451, 0.035999998450279236, 0.08901666849851608, 0.15221667289733887, 0.21424999833106995, 0.2675666809082031], "tn": [540000.0, 540000.0, 540000.0, 540000.0, 540000.0, 540000.0, 539987.0, 539872.0, 539606.0, 539110.0, 538421.0, 537838.0], "tp": [0.0, 0.0, 0.0, 0.0, 1.0, 16.0, 390.0, 2160.0, 5341.0, 9133.0, 12855.0, 16054.0], "val_accuracy": [0.16859999299049377, 0.2549999952316284, 0.3456000089645386, 0.4097000062465668, 0.44929999113082886, 0.47450000047683716, 0.4909999966621399, 0.5008999705314636, 0.5134000182151794, 0.5234000086784363, 0.5302000045776367, 0.5358999967575073], "val_auc": [0.6449908018112183, 0.7154932618141174, 0.7545897364616394, 0.7761178016662598, 0.7904319167137146, 0.8011786341667175, 0.8100310564041138, 0.8183183670043945, 0.8264800906181335, 0.8341169953346252, 0.8415844440460205, 0.8484113812446594], "val_fn": [10000.0, 10000.0, 10000.0, 10000.0, 10000.0, 10000.0, 9986.0, 9787.0, 9381.0, 8947.0, 8506.0, 8135.0], "val_fp": [0.0, 0.0, 0.0, 0.0, 0.0, 0.0, 1.0, 6.0, 19.0, 54.0, 103.0, 160.0], "val_loss": [2.269970417022705, 2.236255168914795, 2.1908388137817383, 2.130537748336792, 2.0549051761627197, 1.9664371013641357, 1.8733998537063599, 1.7873679399490356, 1.7138763666152954, 1.6541301012039185, 1.6046719551086426, 1.5631824731826782], "val_precision": [0.0, 0.0, 0.0, 0.0, 0.0, 0.0, 0.9333333373069763, 0.9726027250289917, 0.9702194333076477, 0.9512194991111755, 0.9355040788650513, 0.9209876656532288], "val_recall": [0.0, 0.0, 0.0, 0.0, 0.0, 0.0, 0.00139999995008111, 0.021299999207258224, 0.061900001019239426, 0.10530000180006027, 0.149399995803833, 0.18649999797344208], "val_tn": [90000.0, 90000.0, 90000.0, 90000.0, 90000.0, 90000.0, 89999.0, 89994.0, 89981.0, 89946.0, 89897.0, 89840.0], "val_tp": [0.0, 0.0, 0.0, 0.0, 0.0, 0.0, 14.0, 213.0, 619.0, 1053.0, 1494.0, 1865.0]}