{"accuracy": [0.1352500021457672, 0.19626666605472565, 0.2751833200454712, 0.35378333926200867, 0.41368332505226135, 0.4564000070095062, 0.48954999446868896, 0.5132333040237427, 0.5378999710083008, 0.5594833493232727, 0.5825666785240173, 0.5964833498001099], "auc": [0.5742445588111877, 0.6663546562194824, 0.7327309846878052, 0.7777420878410339, 0.8072234392166138, 0.8289598822593689, 0.8462305665016174, 0.8596813678741455, 0.871898889541626, 0.8820390701293945, 0.8912975192070007, 0.8997559547424316], "fn": [60000.0, 60000.0, 60000.0, 60000.0, 59999.0, 59984.0, 59610.0, 57840.0, 54658.0, 50868.0, 47146.0, 43947.0], "fp": [0.0, 0.0, 0.0, 0.0, 0.0, 0.0, 13.0, 129.0, 394.0, 890.0, 1579.0, 2163.0], "loss": [2.283202648162842, 2.2437803745269775, 2.192582607269287, 2.1227316856384277, 2.03297758102417, 1.923446536064148, 1.8015201091766357, 1.682798147201538, 1.5760242938995361, 1.4873958826065063, 1.4112855195999146, 1.3458706140518188], "precision": [0.0, 0.0, 0.0, 0.0, 1.0, 1.0, 0.9677419066429138, 0.9436435103416443, 0.9313110113143921, 0.9111953973770142, 0.890597939491272, 0.8812582492828369], "recall": [0.0, 0.0, 0.0, 0.0, 1.6666666851961054e-05, 0.00026666666963137686, 0.006500000134110451, 0.035999998450279236, 0.0890333354473114, 0.15219999849796295, 0.21423333883285522, 0.267549991607666], "tn": [540000.0, 540000.0, 540000.0, 540000.0, 540000.0, 540000.0, 539987.0, 539871.0, 539606.0, 539110.0, 538421.0, 537837.0], "tp": [0.0, 0.0, 0.0, 0.0, 1.0, 16.0, 390.0, 2160.0, 5342.0, 9132.0, 12854.0, 16053.0], "val_accuracy": [0.16859999299049377, 0.2549999952316284, 0.3456999957561493, 0.4097000062465668, 0.44920000433921814, 0.47440001368522644, 0.4909000098705292, 0.5009999871253967, 0.5134000182151794, 0.5234000086784363, 0.5302000045776367, 0.5358999967575073], "val_auc": [0.644987940788269, 0.7154805660247803, 0.7545787692070007, 0.7761154770851135, 0.790439784526825, 0.8011801242828369, 0.8100191354751587, 0.8183135390281677, 0.8264846801757812, 0.8341073989868164, 0.8415813446044922, 0.8484028577804565], "val_fn": [10000.0, 10000.0, 10000.0, 10000.0, 10000.0, 10000.0, 9986.0, 9787.0, 9381.0, 8947.0, 8506.0, 8136.0], "val_fp": [0.0, 0.0, 0.0, 0.0, 0.0, 0.0, 1.0, 6.0, 19.0, 54.0, 103.0, 160.0], "val_loss": [2.269970417022705, 2.2362544536590576, 2.1908388137817383, 2.13053822517395, 2.0549051761627197, 1.9664361476898193, 1.873396873474121, 1.787369728088379, 1.713884711265564, 1.654146432876587, 1.6046912670135498, 1.5632034540176392], "val_precision": [0.0, 0.0, 0.0, 0.0, 0.0, 0.0, 0.9333333373069763, 0.9726027250289917, 0.9702194333076477, 0.9512194991111755, 0.9355040788650513, 0.9209486246109009], "val_recall": [0.0, 0.0, 0.0, 0.0, 0.0, 0.0, 0.00139999995008111, 0.021299999207258224, 0.061900001019239426, 0.10530000180006027, 0.149399995803833, 0.18639999628067017], "val_tn": [90000.0, 90000.0, 90000.0, 90000.0, 90000.0, 90000.0, 89999.0, 89994.0, 89981.0, 89946.0, 89897.0, 89840.0], "val_tp": [0.0, 0.0, 0.0, 0.0, 0.0, 0.0, 14.0, 213.0, 619.0, 1053.0, 1494.0, 1864.0]}