{"accuracy": [0.1352500021457672, 0.19626666605472565, 0.27516666054725647, 0.35374999046325684, 0.41368332505226135, 0.4564499855041504, 0.4895166754722595, 0.5132666826248169, 0.537850022315979, 0.559583306312561, 0.5825333595275879, 0.5964666604995728], "auc": [0.5742442011833191, 0.666355311870575, 0.7327314019203186, 0.7777419686317444, 0.8072223663330078, 0.8289701342582703, 0.8462293744087219, 0.8596848249435425, 0.8719030022621155, 0.882042407989502, 0.8913006782531738, 0.8997589349746704], "fn": [60000.0, 60000.0, 60000.0, 60000.0, 59999.0, 59984.0, 59610.0, 57838.0, 54658.0, 50867.0, 47145.0, 43947.0], "fp": [0.0, 0.0, 0.0, 0.0, 0.0, 0.0, 13.0, 128.0, 394.0, 890.0, 1579.0, 2163.0], "loss": [2.283202886581421, 2.2437806129455566, 2.1925833225250244, 2.122730255126953, 2.0329716205596924, 1.9234340190887451, 1.8014978170394897, 1.6827752590179443, 1.5760058164596558, 1.4873794317245483, 1.4112675189971924, 1.345853567123413], "precision": [0.0, 0.0, 0.0, 0.0, 1.0, 1.0, 0.9677419066429138, 0.944104790687561, 0.9313110113143921, 0.9112042188644409, 0.8906055092811584, 0.8812582492828369], "recall": [0.0, 0.0, 0.0, 0.0, 1.6666666851961054e-05, 0.00026666666963137686, 0.006500000134110451, 0.03603333234786987, 0.0890333354473114, 0.15221667289733887, 0.21424999833106995, 0.267549991607666], "tn": [540000.0, 540000.0, 540000.0, 540000.0, 540000.0, 540000.0, 539987.0, 539872.0, 539606.0, 539110.0, 538421.0, 537837.0], "tp": [0.0, 0.0, 0.0, 0.0, 1.0, 16.0, 390.0, 2162.0, 5342.0, 9133.0, 12855.0, 16053.0], "val_accuracy": [0.16859999299049377, 0.2549999952316284, 0.3458000123500824, 0.4097000062465668, 0.44909998774528503, 0.4745999872684479, 0.49079999327659607, 0.5009999871253967, 0.5134000182151794, 0.5234000086784363, 0.5302000045776367, 0.5358999967575073], "val_auc": [0.644987940788269, 0.7154813408851624, 0.7546025514602661, 0.776115894317627, 0.790429413318634, 0.8011865615844727, 0.8100143074989319, 0.8183306455612183, 0.8264827132225037, 0.834109902381897, 0.8415784239768982, 0.8484069108963013], "val_fn": [10000.0, 10000.0, 10000.0, 10000.0, 10000.0, 10000.0, 9986.0, 9787.0, 9381.0, 8947.0, 8506.0, 8135.0], "val_fp": [0.0, 0.0, 0.0, 0.0, 0.0, 0.0, 1.0, 6.0, 19.0, 54.0, 103.0, 160.0], "val_loss": [2.269970417022705, 2.2362546920776367, 2.1908371448516846, 2.1305346488952637, 2.054899215698242, 1.966424584388733, 1.8733760118484497, 1.7873538732528687, 1.7138718366622925, 1.654138445854187, 1.604683756828308, 1.5631940364837646], "val_precision": [0.0, 0.0, 0.0, 0.0, 0.0, 0.0, 0.9333333373069763, 0.9726027250289917, 0.9702194333076477, 0.9512194991111755, 0.9355040788650513, 0.9209876656532288], "val_recall": [0.0, 0.0, 0.0, 0.0, 0.0, 0.0, 0.00139999995008111, 0.021299999207258224, 0.061900001019239426, 0.10530000180006027, 0.149399995803833, 0.18649999797344208], "val_tn": [90000.0, 90000.0, 90000.0, 90000.0, 90000.0, 90000.0, 89999.0, 89994.0, 89981.0, 89946.0, 89897.0, 89840.0], "val_tp": [0.0, 0.0, 0.0, 0.0, 0.0, 0.0, 14.0, 213.0, 619.0, 1053.0, 1494.0, 1865.0]}