{"accuracy": [0.1352500021457672, 0.19625000655651093, 0.2752000093460083, 0.35378333926200867, 0.41366666555404663, 0.4564499855041504, 0.48953333497047424, 0.5131999850273132, 0.537850022315979, 0.5595333576202393, 0.5825333595275879, 0.5964833498001099], "auc": [0.5742443799972534, 0.6663548350334167, 0.732727587223053, 0.7777460217475891, 0.8072251677513123, 0.8289646506309509, 0.846229076385498, 0.8596844673156738, 0.8719027042388916, 0.8820414543151855, 0.8913008570671082, 0.8997588753700256], "fn": [60000.0, 60000.0, 60000.0, 60000.0, 59999.0, 59984.0, 59610.0, 57839.0, 54658.0, 50868.0, 47146.0, 43947.0], "fp": [0.0, 0.0, 0.0, 0.0, 0.0, 0.0, 13.0, 128.0, 394.0, 890.0, 1579.0, 2162.0], "loss": [2.283202886581421, 2.2437803745269775, 2.1925830841064453, 2.1227290630340576, 2.0329723358154297, 1.9234378337860107, 1.8015025854110718, 1.6827811002731323, 1.5760092735290527, 1.4873820543289185, 1.4112731218338013, 1.3458564281463623], "precision": [0.0, 0.0, 0.0, 0.0, 1.0, 1.0, 0.9677419066429138, 0.9440804123878479, 0.9313110113143921, 0.9111953973770142, 0.890597939491272, 0.8813065886497498], "recall": [0.0, 0.0, 0.0, 0.0, 1.6666666851961054e-05, 0.00026666666963137686, 0.006500000134110451, 0.036016665399074554, 0.0890333354473114, 0.15219999849796295, 0.21423333883285522, 0.267549991607666], "tn": [540000.0, 540000.0, 540000.0, 540000.0, 540000.0, 540000.0, 539987.0, 539872.0, 539606.0, 539110.0, 538421.0, 537838.0], "tp": [0.0, 0.0, 0.0, 0.0, 1.0, 16.0, 390.0, 2161.0, 5342.0, 9132.0, 12854.0, 16053.0], "val_accuracy": [0.16859999299049377, 0.2549000084400177, 0.3456999957561493, 0.4097000062465668, 0.44929999113082886, 0.4745999872684479, 0.49079999327659607, 0.5008999705314636, 0.5134000182151794, 0.5234000086784363, 0.5302000045776367, 0.5360000133514404], "val_auc": [0.6449908018112183, 0.7154645919799805, 0.7545855641365051, 0.776124119758606, 0.7904306054115295, 0.8011865019798279, 0.8100168704986572, 0.8183198571205139, 0.8264691233634949, 0.8341084122657776, 0.8415836095809937, 0.848408043384552], "val_fn": [10000.0, 10000.0, 10000.0, 10000.0, 10000.0, 10000.0, 9986.0, 9787.0, 9381.0, 8947.0, 8506.0, 8135.0], "val_fp": [0.0, 0.0, 0.0, 0.0, 0.0, 0.0, 1.0, 6.0, 19.0, 54.0, 103.0, 160.0], "val_loss": [2.269970417022705, 2.2362542152404785, 2.1908366680145264, 2.130533456802368, 2.0549018383026123, 1.966427206993103, 1.873382568359375, 1.7873575687408447, 1.713876724243164, 1.6541415452957153, 1.6046802997589111, 1.5631991624832153], "val_precision": [0.0, 0.0, 0.0, 0.0, 0.0, 0.0, 0.9333333373069763, 0.9726027250289917, 0.9702194333076477, 0.9512194991111755, 0.9355040788650513, 0.9209876656532288], "val_recall": [0.0, 0.0, 0.0, 0.0, 0.0, 0.0, 0.00139999995008111, 0.021299999207258224, 0.061900001019239426, 0.10530000180006027, 0.149399995803833, 0.18649999797344208], "val_tn": [90000.0, 90000.0, 90000.0, 90000.0, 90000.0, 90000.0, 89999.0, 89994.0, 89981.0, 89946.0, 89897.0, 89840.0], "val_tp": [0.0, 0.0, 0.0, 0.0, 0.0, 0.0, 14.0, 213.0, 619.0, 1053.0, 1494.0, 1865.0]}