{"accuracy": [0.28226834535598755, 0.4640433192253113, 0.5330416560173035, 0.5714983344078064, 0.5973933339118958, 0.6171333193778992, 0.6316800117492676, 0.6446583271026611, 0.655353307723999, 0.6644316911697388, 0.6728683114051819, 0.6807766556739807], "auc": [0.7238618731498718, 0.8407649993896484, 0.8799213767051697, 0.899246871471405, 0.9106300473213196, 0.9187476634979248, 0.9243003129959106, 0.9294653534889221, 0.9332967400550842, 0.9366463422775269, 0.9395315051078796, 0.9422376751899719], "fn": [607794.0, 531862.0, 438347.0, 392804.0, 364103.0, 342513.0, 327161.0, 312879.0, 302616.0, 293622.0, 285152.0, 277724.0], "fp": [192.0, 15310.0, 42277.0, 54323.0, 59873.0, 63352.0, 65740.0, 66326.0, 67241.0, 67777.0, 68002.0, 68070.0], "loss": [2.1236326694488525, 1.6549053192138672, 1.4312160015106201, 1.3143846988677979, 1.2385469675064087, 1.1809327602386475, 1.139174222946167, 1.0991284847259521, 1.0686594247817993, 1.0410269498825073, 1.0161494016647339, 0.9926232099533081], "precision": [0.9199332594871521, 0.8165324330329895, 0.7926886677742004, 0.7922789454460144, 0.7975690364837646, 0.8025426864624023, 0.8058355450630188, 0.8123452663421631, 0.8155885934829712, 0.8188531398773193, 0.8223795294761658, 0.8256162405014038], "recall": [0.00361639354377985, 0.11356333643198013, 0.26942166686058044, 0.34532666206359863, 0.3931616544723511, 0.4291450083255768, 0.45473167300224304, 0.478534996509552, 0.49564000964164734, 0.5106300115585327, 0.5247466564178467, 0.5371266603469849], "tn": [5489808.0, 5384690.0, 5357723.0, 5345677.0, 5340127.0, 5336648.0, 5334260.0, 5333674.0, 5332759.0, 5332223.0, 5331998.0, 5331930.0], "tp": [2206.0, 68138.0, 161653.0, 207196.0, 235897.0, 257487.0, 272839.0, 287121.0, 297384.0, 306378.0, 314848.0, 322276.0], "val_accuracy": [0.4909999966621399, 0.5379999876022339, 0.5753999948501587, 0.6126000285148621, 0.6384999752044678, 0.6552000045776367, 0.6707000136375427, 0.6840999722480774, 0.6924999952316284, 0.7002999782562256, 0.7077999711036682, 0.7149999737739563], "val_auc": [0.8068983554840088, 0.8596459031105042, 0.8933455944061279, 0.9115499258041382, 0.9231199622154236, 0.931205689907074, 0.9371197819709778, 0.9415046572685242, 0.945242702960968, 0.9483959674835205, 0.9511950612068176, 0.9533731341362], "val_fn": [9971.0, 7900.0, 6841.0, 6221.0, 5699.0, 5340.0, 5038.0, 4804.0, 4646.0, 4446.0, 4292.0, 4165.0], "val_fp": [2.0, 221.0, 443.0, 577.0, 664.0, 713.0, 730.0, 755.0, 771.0, 778.0, 763.0, 768.0], "val_loss": [1.861382246017456, 1.5137869119644165, 1.3424235582351685, 1.231358289718628, 1.1506824493408203, 1.090733289718628, 1.043205738067627, 1.0049769878387451, 0.9722796082496643, 0.9437363147735596, 0.9172570109367371, 0.8959671854972839], "val_precision": [0.9354838728904724, 0.9047824144363403, 0.8770127892494202, 0.8675390481948853, 0.8662638664245605, 0.8672994375228882, 0.8717498183250427, 0.8731305599212646, 0.8741224408149719, 0.877131998538971, 0.8820893168449402, 0.8836892247200012], "val_recall": [0.002899999963119626, 0.20999999344348907, 0.3158999979496002, 0.37790000438690186, 0.4300999939441681, 0.4659999907016754, 0.49619999527931213, 0.519599974155426, 0.5353999733924866, 0.555400013923645, 0.5708000063896179, 0.5835000276565552], "val_tn": [89998.0, 89779.0, 89557.0, 89423.0, 89336.0, 89287.0, 89270.0, 89245.0, 89229.0, 89222.0, 89237.0, 89232.0], "val_tp": [29.0, 2100.0, 3159.0, 3779.0, 4301.0, 4660.0, 4962.0, 5196.0, 5354.0, 5554.0, 5708.0, 5835.0]}