{"accuracy": [0.1352500021457672, 0.19626666605472565, 0.27515000104904175, 0.35370001196861267, 0.41368332505226135, 0.45643332600593567, 0.48953333497047424, 0.5132499933242798, 0.5378666520118713, 0.5595666766166687, 0.5825333595275879, 0.5964499711990356], "auc": [0.5742442607879639, 0.6663603186607361, 0.732726514339447, 0.7777372002601624, 0.8072270750999451, 0.8289597630500793, 0.8462282419204712, 0.8596735000610352, 0.8718956112861633, 0.8820404410362244, 0.8912949562072754, 0.8997569680213928], "fn": [60000.0, 60000.0, 60000.0, 60000.0, 59999.0, 59984.0, 59610.0, 57841.0, 54661.0, 50868.0, 47144.0, 43947.0], "fp": [0.0, 0.0, 0.0, 0.0, 0.0, 0.0, 13.0, 128.0, 394.0, 890.0, 1579.0, 2162.0], "loss": [2.283202886581421, 2.2437801361083984, 2.192582130432129, 2.1227293014526367, 2.0329763889312744, 1.9234511852264404, 1.8015356063842773, 1.6828172206878662, 1.5760371685028076, 1.487406611442566, 1.4112921953201294, 1.3458740711212158], "precision": [0.0, 0.0, 0.0, 0.0, 1.0, 1.0, 0.9677419066429138, 0.9440314769744873, 0.9312750697135925, 0.9111953973770142, 0.8906130790710449, 0.8813065886497498], "recall": [0.0, 0.0, 0.0, 0.0, 1.6666666851961054e-05, 0.00026666666963137686, 0.006500000134110451, 0.03598333150148392, 0.08898333460092545, 0.15219999849796295, 0.21426667273044586, 0.267549991607666], "tn": [540000.0, 540000.0, 540000.0, 540000.0, 540000.0, 540000.0, 539987.0, 539872.0, 539606.0, 539110.0, 538421.0, 537838.0], "tp": [0.0, 0.0, 0.0, 0.0, 1.0, 16.0, 390.0, 2159.0, 5339.0, 9132.0, 12856.0, 16053.0], "val_accuracy": [0.16859999299049377, 0.2549000084400177, 0.3456999957561493, 0.40959998965263367, 0.44920000433921814, 0.47440001368522644, 0.4909999966621399, 0.5008999705314636, 0.5133000016212463, 0.5234000086784363, 0.5302000045776367, 0.5358999967575073], "val_auc": [0.6449868679046631, 0.7154749035835266, 0.7545948028564453, 0.7761130928993225, 0.7904266715049744, 0.8011818528175354, 0.8100214004516602, 0.8183014392852783, 0.8264780640602112, 0.8341044187545776, 0.8415775299072266, 0.8484054207801819], "val_fn": [10000.0, 10000.0, 10000.0, 10000.0, 10000.0, 10000.0, 9986.0, 9787.0, 9382.0, 8947.0, 8506.0, 8135.0], "val_fp": [0.0, 0.0, 0.0, 0.0, 0.0, 0.0, 1.0, 6.0, 19.0, 54.0, 103.0, 160.0], "val_loss": [2.269970178604126, 2.2362539768218994, 2.190835952758789, 2.130537271499634, 2.054908514022827, 1.966446042060852, 1.8734118938446045, 1.787381887435913, 1.7138938903808594, 1.654152750968933, 1.6046977043151855, 1.5632045269012451], "val_precision": [0.0, 0.0, 0.0, 0.0, 0.0, 0.0, 0.9333333373069763, 0.9726027250289917, 0.9701727032661438, 0.9512194991111755, 0.9355040788650513, 0.9209876656532288], "val_recall": [0.0, 0.0, 0.0, 0.0, 0.0, 0.0, 0.00139999995008111, 0.021299999207258224, 0.061799999326467514, 0.10530000180006027, 0.149399995803833, 0.18649999797344208], "val_tn": [90000.0, 90000.0, 90000.0, 90000.0, 90000.0, 90000.0, 89999.0, 89994.0, 89981.0, 89946.0, 89897.0, 89840.0], "val_tp": [0.0, 0.0, 0.0, 0.0, 0.0, 0.0, 14.0, 213.0, 618.0, 1053.0, 1494.0, 1865.0]}