{"accuracy": [0.28225499391555786, 0.464044988155365, 0.5330166816711426, 0.571494996547699, 0.5973833203315735, 0.617139995098114, 0.6316699981689453, 0.6446583271026611, 0.6553549766540527, 0.6644300222396851, 0.6728500127792358, 0.6807483434677124], "auc": [0.7238618731498718, 0.840763509273529, 0.879919707775116, 0.8992453217506409, 0.9106281399726868, 0.918745219707489, 0.9242991209030151, 0.9294677376747131, 0.9332975745201111, 0.9366506338119507, 0.9395309686660767, 0.942238986492157], "fn": [607795.0, 531864.0, 438355.0, 392810.0, 364108.0, 342509.0, 327151.0, 312889.0, 302631.0, 293644.0, 285147.0, 277714.0], "fp": [192.0, 15309.0, 42274.0, 54322.0, 59873.0, 63349.0, 65750.0, 66324.0, 67234.0, 67772.0, 67995.0, 68087.0], "loss": [2.1236283779144287, 1.6549060344696045, 1.4312260150909424, 1.3143962621688843, 1.2385588884353638, 1.1809303760528564, 1.1391637325286865, 1.0991098880767822, 1.0686416625976562, 1.0410137176513672, 1.01613450050354, 0.9926134347915649], "precision": [0.9198998808860779, 0.8165378570556641, 0.7926921844482422, 0.7922772169113159, 0.7975656390190125, 0.8025527000427246, 0.8058174848556519, 0.8123445510864258, 0.8155966997146606, 0.8188534379005432, 0.8223968744277954, 0.8255847692489624], "recall": [0.003614754183217883, 0.11355999857187271, 0.26940834522247314, 0.34531667828559875, 0.3931533396244049, 0.42915165424346924, 0.45474833250045776, 0.4785183370113373, 0.49561500549316406, 0.5105933547019958, 0.5247550010681152, 0.537143349647522], "tn": [5489808.0, 5384691.0, 5357726.0, 5345678.0, 5340127.0, 5336651.0, 5334250.0, 5333676.0, 5332766.0, 5332228.0, 5332005.0, 5331913.0], "tp": [2205.0, 68136.0, 161645.0, 207190.0, 235892.0, 257491.0, 272849.0, 287111.0, 297369.0, 306356.0, 314853.0, 322286.0], "val_accuracy": [0.4909999966621399, 0.5379999876022339, 0.5753999948501587, 0.6128000020980835, 0.6385999917984009, 0.6553999781608582, 0.6704000234603882, 0.6841999888420105, 0.6926000118255615, 0.7003999948501587, 0.7077999711036682, 0.7150999903678894], "val_auc": [0.8068956732749939, 0.8596454858779907, 0.8933509588241577, 0.9115601778030396, 0.9231320023536682, 0.9311983585357666, 0.9371339678764343, 0.9414957165718079, 0.9452528357505798, 0.9484047293663025, 0.9511842727661133, 0.9533838629722595], "val_fn": [9971.0, 7899.0, 6841.0, 6222.0, 5700.0, 5342.0, 5039.0, 4804.0, 4646.0, 4447.0, 4292.0, 4166.0], "val_fp": [2.0, 221.0, 443.0, 577.0, 664.0, 713.0, 729.0, 755.0, 772.0, 778.0, 763.0, 770.0], "val_loss": [1.8613715171813965, 1.5137988328933716, 1.3424285650253296, 1.2313506603240967, 1.1506544351577759, 1.090710997581482, 1.0431715250015259, 1.0049636363983154, 0.9722303748130798, 0.9437159299850464, 0.9172046184539795, 0.8959146738052368], "val_precision": [0.9354838728904724, 0.9048234224319458, 0.8770127892494202, 0.867508590221405, 0.8662369251251221, 0.8672500252723694, 0.8718804717063904, 0.8731305599212646, 0.8739797472953796, 0.877112627029419, 0.8820893168449402, 0.883404016494751], "val_recall": [0.002899999963119626, 0.210099995136261, 0.3158999979496002, 0.37779998779296875, 0.4300000071525574, 0.4657999873161316, 0.4961000084877014, 0.519599974155426, 0.5353999733924866, 0.5552999973297119, 0.5708000063896179, 0.5834000110626221], "val_tn": [89998.0, 89779.0, 89557.0, 89423.0, 89336.0, 89287.0, 89271.0, 89245.0, 89228.0, 89222.0, 89237.0, 89230.0], "val_tp": [29.0, 2101.0, 3159.0, 3778.0, 4300.0, 4658.0, 4961.0, 5196.0, 5354.0, 5553.0, 5708.0, 5834.0]}