{"accuracy": [0.1352500021457672, 0.19626666605472565, 0.27515000104904175, 0.35376667976379395, 0.41368332505226135, 0.4563833475112915, 0.48953333497047424, 0.5132499933242798, 0.5378833413124084, 0.5595666766166687, 0.5825499892234802, 0.5964499711990356], "auc": [0.5742440819740295, 0.6663596034049988, 0.7327267527580261, 0.7777386903762817, 0.8072206974029541, 0.828967273235321, 0.846225917339325, 0.8596806526184082, 0.8719000220298767, 0.8820402026176453, 0.8912964463233948, 0.8997597694396973], "fn": [60000.0, 60000.0, 60000.0, 60000.0, 59999.0, 59984.0, 59610.0, 57839.0, 54657.0, 50868.0, 47144.0, 43946.0], "fp": [0.0, 0.0, 0.0, 0.0, 0.0, 0.0, 13.0, 128.0, 394.0, 890.0, 1579.0, 2163.0], "loss": [2.2832024097442627, 2.2437806129455566, 2.1925830841064453, 2.1227290630340576, 2.0329716205596924, 1.9234411716461182, 1.8015165328979492, 1.682793140411377, 1.5760196447372437, 1.4873913526535034, 1.4112796783447266, 1.345863938331604], "precision": [0.0, 0.0, 0.0, 0.0, 1.0, 1.0, 0.9677419066429138, 0.9440804123878479, 0.9313229918479919, 0.9111953973770142, 0.8906130790710449, 0.8812647461891174], "recall": [0.0, 0.0, 0.0, 0.0, 1.6666666851961054e-05, 0.00026666666963137686, 0.006500000134110451, 0.036016665399074554, 0.08905000239610672, 0.15219999849796295, 0.21426667273044586, 0.2675666809082031], "tn": [540000.0, 540000.0, 540000.0, 540000.0, 540000.0, 540000.0, 539987.0, 539872.0, 539606.0, 539110.0, 538421.0, 537837.0], "tp": [0.0, 0.0, 0.0, 0.0, 1.0, 16.0, 390.0, 2161.0, 5343.0, 9132.0, 12856.0, 16054.0], "val_accuracy": [0.16859999299049377, 0.2549000084400177, 0.3458000123500824, 0.40959998965263367, 0.4489000141620636, 0.47450000047683716, 0.4909999966621399, 0.5008999705314636, 0.5133000016212463, 0.5234000086784363, 0.5302000045776367, 0.5358999967575073], "val_auc": [0.6449881792068481, 0.7154609560966492, 0.75459223985672, 0.7761124968528748, 0.7904274463653564, 0.8011832237243652, 0.8100264072418213, 0.8183168768882751, 0.8264710307121277, 0.8341035842895508, 0.841584324836731, 0.8484076261520386], "val_fn": [10000.0, 10000.0, 10000.0, 10000.0, 10000.0, 10000.0, 9986.0, 9787.0, 9381.0, 8947.0, 8506.0, 8136.0], "val_fp": [0.0, 0.0, 0.0, 0.0, 0.0, 0.0, 1.0, 6.0, 19.0, 54.0, 103.0, 160.0], "val_loss": [2.269970417022705, 2.236254930496216, 2.190835952758789, 2.130533456802368, 2.0548996925354004, 1.9664347171783447, 1.8733916282653809, 1.7873663902282715, 1.7138760089874268, 1.6541365385055542, 1.6046818494796753, 1.563189148902893], "val_precision": [0.0, 0.0, 0.0, 0.0, 0.0, 0.0, 0.9333333373069763, 0.9726027250289917, 0.9702194333076477, 0.9512194991111755, 0.9355040788650513, 0.9209486246109009], "val_recall": [0.0, 0.0, 0.0, 0.0, 0.0, 0.0, 0.00139999995008111, 0.021299999207258224, 0.061900001019239426, 0.10530000180006027, 0.149399995803833, 0.18639999628067017], "val_tn": [90000.0, 90000.0, 90000.0, 90000.0, 90000.0, 90000.0, 89999.0, 89994.0, 89981.0, 89946.0, 89897.0, 89840.0], "val_tp": [0.0, 0.0, 0.0, 0.0, 0.0, 0.0, 14.0, 213.0, 619.0, 1053.0, 1494.0, 1864.0]}