{"accuracy": [0.28226667642593384, 0.4640600085258484, 0.533050000667572, 0.5714866518974304, 0.5973749756813049, 0.61715167760849, 0.6316816806793213, 0.6446599960327148, 0.6553850173950195, 0.6644233465194702, 0.672873318195343, 0.680721640586853], "auc": [0.7238611578941345, 0.8407628536224365, 0.8799203634262085, 0.8992459774017334, 0.910627007484436, 0.9187462329864502, 0.9242997765541077, 0.9294673204421997, 0.9332971572875977, 0.9366475939750671, 0.939532458782196, 0.9422375559806824], "fn": [607794.0, 531862.0, 438348.0, 392813.0, 364097.0, 342523.0, 327159.0, 312866.0, 302635.0, 293649.0, 285135.0, 277699.0], "fp": [192.0, 15310.0, 42275.0, 54316.0, 59865.0, 63342.0, 65737.0, 66323.0, 67241.0, 67764.0, 68001.0, 68077.0], "loss": [2.1236326694488525, 1.6549079418182373, 1.4312191009521484, 1.3143833875656128, 1.2385516166687012, 1.1809325218200684, 1.1391668319702148, 1.0991160869598389, 1.0686475038528442, 1.0410174131393433, 1.0161378383636475, 0.9926156401634216], "precision": [0.9199332594871521, 0.8165324330329895, 0.7926954030990601, 0.7922930121421814, 0.7975947260856628, 0.8025615811347961, 0.8058438301086426, 0.812359094619751, 0.8155789971351624, 0.8188685178756714, 0.822389543056488, 0.8256126046180725], "recall": [0.00361639354377985, 0.11356333643198013, 0.26941999793052673, 0.3453116714954376, 0.39317166805267334, 0.4291283190250397, 0.45473501086235046, 0.47855666279792786, 0.4956083297729492, 0.5105850100517273, 0.5247750282287598, 0.5371683239936829], "tn": [5489808.0, 5384690.0, 5357725.0, 5345684.0, 5340135.0, 5336658.0, 5334263.0, 5333677.0, 5332759.0, 5332236.0, 5331999.0, 5331923.0], "tp": [2206.0, 68138.0, 161652.0, 207187.0, 235903.0, 257477.0, 272841.0, 287134.0, 297365.0, 306351.0, 314865.0, 322301.0], "val_accuracy": [0.4909999966621399, 0.5379999876022339, 0.5752999782562256, 0.6126999855041504, 0.6383000016212463, 0.6552000045776367, 0.6705999970436096, 0.6841999888420105, 0.6927000284194946, 0.7002999782562256, 0.7077999711036682, 0.7150999903678894], "val_auc": [0.8068866729736328, 0.8596559762954712, 0.8933432698249817, 0.9115496873855591, 0.9231210947036743, 0.9312163591384888, 0.9371378421783447, 0.9415051341056824, 0.9452480673789978, 0.9483839869499207, 0.9511998295783997, 0.953386664390564], "val_fn": [9971.0, 7899.0, 6841.0, 6221.0, 5699.0, 5340.0, 5038.0, 4803.0, 4644.0, 4447.0, 4293.0, 4165.0], "val_fp": [2.0, 221.0, 443.0, 578.0, 664.0, 713.0, 729.0, 755.0, 772.0, 778.0, 762.0, 769.0], "val_loss": [1.8613871335983276, 1.5138018131256104, 1.3424440622329712, 1.2313607931137085, 1.1506882905960083, 1.0907223224639893, 1.0431578159332275, 1.0049421787261963, 0.9722297787666321, 0.943703830242157, 0.9172195196151733, 0.8959445357322693], "val_precision": [0.9354838728904724, 0.9048234224319458, 0.8770127892494202, 0.8673399090766907, 0.8662638664245605, 0.8672994375228882, 0.8719030022621155, 0.8731518983840942, 0.8740208745002747, 0.877112627029419, 0.882207453250885, 0.8835554122924805], "val_recall": [0.002899999963119626, 0.210099995136261, 0.3158999979496002, 0.37790000438690186, 0.4300999939441681, 0.4659999907016754, 0.49619999527931213, 0.5196999907493591, 0.5356000065803528, 0.5552999973297119, 0.5706999897956848, 0.5835000276565552], "val_tn": [89998.0, 89779.0, 89557.0, 89422.0, 89336.0, 89287.0, 89271.0, 89245.0, 89228.0, 89222.0, 89238.0, 89231.0], "val_tp": [29.0, 2101.0, 3159.0, 3779.0, 4301.0, 4660.0, 4962.0, 5197.0, 5356.0, 5553.0, 5707.0, 5835.0]}