{"accuracy": [0.28228333592414856, 0.46405500173568726, 0.533050000667572, 0.5714849829673767, 0.5973716378211975, 0.617139995098114, 0.6316883563995361, 0.6446716785430908, 0.655376672744751, 0.6644366383552551, 0.6728500127792358, 0.6807516813278198], "auc": [0.723863959312439, 0.8407622575759888, 0.8799213767051697, 0.8992462158203125, 0.9106294512748718, 0.9187453985214233, 0.9243001341819763, 0.929468035697937, 0.9332965016365051, 0.9366492033004761, 0.9395336508750916, 0.9422358870506287], "fn": [607795.0, 531863.0, 438350.0, 392800.0, 364112.0, 342519.0, 327147.0, 312878.0, 302621.0, 293634.0, 285156.0, 277714.0], "fp": [192.0, 15306.0, 42267.0, 54324.0, 59865.0, 63338.0, 65744.0, 66322.0, 67243.0, 67761.0, 67999.0, 68075.0], "loss": [2.123631000518799, 1.6549100875854492, 1.4312231540679932, 1.3143858909606934, 1.238547921180725, 1.1809298992156982, 1.1391626596450806, 1.0991122722625732, 1.0686436891555786, 1.0410131216049194, 1.0161387920379639, 0.9926123023033142], "precision": [0.9198998808860779, 0.8165693879127502, 0.7927244901657104, 0.7922791242599487, 0.7975844740867615, 0.8025740385055542, 0.8058340549468994, 0.8123549818992615, 0.8155816197395325, 0.8188823461532593, 0.8223841190338135, 0.8256101608276367], "recall": [0.003614754183217883, 0.11356166750192642, 0.2694166600704193, 0.3453333377838135, 0.39314666390419006, 0.4291349947452545, 0.4547550082206726, 0.4785366654396057, 0.4956316649913788, 0.5106099843978882, 0.5247399806976318, 0.537143349647522], "tn": [5489808.0, 5384694.0, 5357733.0, 5345676.0, 5340135.0, 5336662.0, 5334256.0, 5333678.0, 5332757.0, 5332239.0, 5332001.0, 5331925.0], "tp": [2205.0, 68137.0, 161650.0, 207200.0, 235888.0, 257481.0, 272853.0, 287122.0, 297379.0, 306366.0, 314844.0, 322286.0], "val_accuracy": [0.4909999966621399, 0.5379999876022339, 0.5752999782562256, 0.6126000285148621, 0.6384000182151794, 0.6550999879837036, 0.6704000234603882, 0.6840999722480774, 0.6923999786376953, 0.7002999782562256, 0.7077999711036682, 0.7149999737739563], "val_auc": [0.8068994283676147, 0.8596416115760803, 0.8933476805686951, 0.9115511178970337, 0.9231330156326294, 0.9312249422073364, 0.9371351003646851, 0.9415178298950195, 0.9452562928199768, 0.9483948945999146, 0.9511882662773132, 0.9533777832984924], "val_fn": [9971.0, 7899.0, 6841.0, 6222.0, 5699.0, 5340.0, 5039.0, 4803.0, 4646.0, 4446.0, 4292.0, 4163.0], "val_fp": [2.0, 221.0, 443.0, 578.0, 664.0, 713.0, 729.0, 755.0, 772.0, 778.0, 763.0, 769.0], "val_loss": [1.8613808155059814, 1.513803482055664, 1.3424112796783447, 1.2313621044158936, 1.1506112813949585, 1.0906498432159424, 1.0431416034698486, 1.0049203634262085, 0.9722245931625366, 0.943718671798706, 0.9172089695930481, 0.8959324955940247], "val_precision": [0.9354838728904724, 0.9048234224319458, 0.8770127892494202, 0.8673094511032104, 0.8662638664245605, 0.8672994375228882, 0.8718804717063904, 0.8731518983840942, 0.8739797472953796, 0.877131998538971, 0.8820893168449402, 0.8835906982421875], "val_recall": [0.002899999963119626, 0.210099995136261, 0.3158999979496002, 0.37779998779296875, 0.4300999939441681, 0.4659999907016754, 0.4961000084877014, 0.5196999907493591, 0.5353999733924866, 0.555400013923645, 0.5708000063896179, 0.5837000012397766], "val_tn": [89998.0, 89779.0, 89557.0, 89422.0, 89336.0, 89287.0, 89271.0, 89245.0, 89228.0, 89222.0, 89237.0, 89231.0], "val_tp": [29.0, 2101.0, 3159.0, 3778.0, 4301.0, 4660.0, 4961.0, 5197.0, 5354.0, 5554.0, 5708.0, 5837.0]}