{"accuracy": [0.313468337059021, 0.48066166043281555, 0.5404233336448669, 0.5751799941062927, 0.598954975605011, 0.6168833374977112, 0.6316233277320862, 0.643518328666687, 0.654658317565918, 0.6640499830245972], "auc": [0.7463862895965576, 0.8520516753196716, 0.8844748735427856, 0.9009014368057251, 0.9111999869346619, 0.9183722734451294, 0.9243130683898926, 0.9285925626754761, 0.932582676410675, 0.9363024234771729], "fn": [596915.0, 502149.0, 427095.0, 388997.0, 362833.0, 342727.0, 326740.0, 314769.0, 303626.0, 293798.0], "fp": [1500.0, 23972.0, 45902.0, 55187.0, 60637.0, 63851.0, 65771.0, 66768.0, 67455.0, 67983.0], "loss": [2.0500237941741943, 1.5879390239715576, 1.4047777652740479, 1.3034790754318237, 1.2346653938293457, 1.1832724809646606, 1.1396267414093018, 1.105743169784546, 1.0739428997039795, 1.0438157320022583], "precision": [0.8971546292304993, 0.8032227158546448, 0.7902169227600098, 0.79267817735672, 0.7963862419128418, 0.8011640310287476, 0.8060029745101929, 0.8103176355361938, 0.814596951007843, 0.8183171153068542], "recall": [0.021450819447636604, 0.1630849987268448, 0.28817498683929443, 0.35167166590690613, 0.39527833461761475, 0.42878833413124084, 0.45543333888053894, 0.47538501024246216, 0.49395665526390076, 0.5103366374969482], "tn": [5488500.0, 5376028.0, 5354098.0, 5344813.0, 5339363.0, 5336149.0, 5334229.0, 5333232.0, 5332545.0, 5332017.0], "tp": [13085.0, 97851.0, 172905.0, 211003.0, 237167.0, 257273.0, 273260.0, 285231.0, 296374.0, 306202.0], "val_accuracy": [0.4708000123500824, 0.5364999771118164, 0.5810999870300293, 0.6184999942779541, 0.6428999900817871, 0.6585999727249146, 0.6725999712944031, 0.6847000122070312, 0.6951000094413757, 0.7042999863624573], "val_auc": [0.81298828125, 0.8638265132904053, 0.8931710720062256, 0.9097520112991333, 0.9209924936294556, 0.9282894730567932, 0.9342957735061646, 0.9393185973167419, 0.9434645771980286, 0.9468844532966614], "val_fn": [9624.0, 7625.0, 6798.0, 6233.0, 5677.0, 5302.0, 5036.0, 4821.0, 4626.0, 4461.0], "val_fp": [14.0, 296.0, 452.0, 543.0, 607.0, 658.0, 702.0, 711.0, 720.0, 739.0], "val_loss": [1.7719600200653076, 1.4944952726364136, 1.3405274152755737, 1.236145257949829, 1.1591002941131592, 1.1023603677749634, 1.055924415588379, 1.016555905342102, 0.9820488095283508, 0.9527173042297363], "val_precision": [0.964102566242218, 0.889180064201355, 0.8762999176979065, 0.8740139007568359, 0.8768762946128845, 0.8771471381187439, 0.8761030435562134, 0.8792869448661804, 0.8818510174751282, 0.882287323474884], "val_recall": [0.03759999945759773, 0.23749999701976776, 0.32019999623298645, 0.3767000138759613, 0.43230000138282776, 0.4697999954223633, 0.49639999866485596, 0.5178999900817871, 0.5374000072479248, 0.5539000034332275], "val_tn": [89986.0, 89704.0, 89548.0, 89457.0, 89393.0, 89342.0, 89298.0, 89289.0, 89280.0, 89261.0], "val_tp": [376.0, 2375.0, 3202.0, 3767.0, 4323.0, 4698.0, 4964.0, 5179.0, 5374.0, 5539.0], "learning_rate": [0.0010000000474974513, 0.0010000000474974513, 0.0010000000474974513, 0.0010000000474974513, 0.0010000000474974513, 0.0010000000474974513, 0.0010000000474974513, 0.0010000000474974513, 0.0010000000474974513, 0.0010000000474974513]}