{"accuracy": [0.29532667994499207, 0.4752483367919922, 0.533311665058136, 0.5687316656112671, 0.5931833386421204, 0.6125783324241638, 0.6277099847793579, 0.6395766735076904, 0.6492099761962891, 0.6586183309555054], "auc": [0.7390037775039673, 0.8492934107780457, 0.881446361541748, 0.8985095024108887, 0.9092493057250977, 0.9171562790870667, 0.9230256676673889, 0.9275823831558228, 0.931402325630188, 0.9345298409461975], "fn": [597494.0, 502213.0, 431744.0, 394346.0, 368257.0, 347772.0, 331458.0, 319035.0, 308071.0, 299408.0], "fp": [1155.0, 21704.0, 43642.0, 53331.0, 58821.0, 62282.0, 64421.0, 65747.0, 66743.0, 67453.0], "loss": [2.073688268661499, 1.5995659828186035, 1.4214707612991333, 1.3186453580856323, 1.2480169534683228, 1.1922740936279297, 1.1490343809127808, 1.1138570308685303, 1.0838887691497803, 1.0577678680419922], "precision": [0.915452778339386, 0.8183628916740417, 0.7940424084663391, 0.7940768599510193, 0.7975626587867737, 0.8019713163375854, 0.8065220713615417, 0.8103699684143066, 0.8139163255691528, 0.8167262077331543], "recall": [0.02050163969397545, 0.16297833621501923, 0.28042668104171753, 0.3427566587924957, 0.38623833656311035, 0.42037999629974365, 0.44756999611854553, 0.4682750105857849, 0.4865483343601227, 0.5009866952896118], "tn": [5488845.0, 5378296.0, 5356358.0, 5346669.0, 5341179.0, 5337718.0, 5335579.0, 5334253.0, 5333257.0, 5332547.0], "tp": [12506.0, 97787.0, 168256.0, 205654.0, 231743.0, 252228.0, 268542.0, 280965.0, 291929.0, 300592.0], "val_accuracy": [0.4943000078201294, 0.5350000262260437, 0.5751000046730042, 0.6151999831199646, 0.6431000232696533, 0.6606000065803528, 0.6707000136375427, 0.6812000274658203, 0.6931999921798706, 0.7020000219345093], "val_auc": [0.8069849610328674, 0.856741726398468, 0.8872768878936768, 0.9063290953636169, 0.919439435005188, 0.9283775091171265, 0.9347950220108032, 0.9397629499435425, 0.9438006281852722, 0.9471442103385925], "val_fn": [9532.0, 7799.0, 6937.0, 6245.0, 5723.0, 5350.0, 5072.0, 4851.0, 4666.0, 4481.0], "val_fp": [15.0, 260.0, 415.0, 527.0, 612.0, 678.0, 703.0, 713.0, 731.0, 734.0], "val_loss": [1.7930644750595093, 1.5242443084716797, 1.3687657117843628, 1.2535713911056519, 1.1678203344345093, 1.1040452718734741, 1.0555672645568848, 1.015882134437561, 0.9828154444694519, 0.9537841081619263], "val_precision": [0.9689440727233887, 0.8943518996238708, 0.8806785345077515, 0.8769266605377197, 0.8748210072517395, 0.8727477192878723, 0.8751553893089294, 0.878369152545929, 0.8794723749160767, 0.8826163411140442], "val_recall": [0.046799998730421066, 0.22010000050067902, 0.30630001425743103, 0.37549999356269836, 0.427700012922287, 0.4650000035762787, 0.4927999973297119, 0.5149000287055969, 0.5333999991416931, 0.5519000291824341], "val_tn": [89985.0, 89740.0, 89585.0, 89473.0, 89388.0, 89322.0, 89297.0, 89287.0, 89269.0, 89266.0], "val_tp": [468.0, 2201.0, 3063.0, 3755.0, 4277.0, 4650.0, 4928.0, 5149.0, 5334.0, 5519.0], "learning_rate": [0.0010000000474974513, 0.0010000000474974513, 0.0010000000474974513, 0.0010000000474974513, 0.0010000000474974513, 0.0010000000474974513, 0.0010000000474974513, 0.0010000000474974513, 0.0010000000474974513, 0.0010000000474974513]}